<application>
  <component name="TemplateSettings">
    <option name="deletedKeys">
      <list>
        <TemplateKey>
          <option name="groupName" value="Shell Script" />
          <option name="key" value="fori" />
        </TemplateKey>
        <TemplateKey>
          <option name="groupName" value="Shell Script" />
          <option name="key" value="cmd" />
        </TemplateKey>
        <TemplateKey>
          <option name="groupName" value="Shell Script" />
          <option name="key" value="cmd success check" />
        </TemplateKey>
        <TemplateKey>
          <option name="groupName" value="Shell Script" />
          <option name="key" value="tar compress" />
        </TemplateKey>
        <TemplateKey>
          <option name="groupName" value="Shell Script" />
          <option name="key" value="tar decompress" />
        </TemplateKey>
        <TemplateKey>
          <option name="groupName" value="Shell Script" />
          <option name="key" value="mkdir" />
        </TemplateKey>
        <TemplateKey>
          <option name="groupName" value="Shell Script" />
          <option name="key" value="git branch create" />
        </TemplateKey>
        <TemplateKey>
          <option name="groupName" value="Shell Script" />
          <option name="key" value="git push" />
        </TemplateKey>
        <TemplateKey>
          <option name="groupName" value="Shell Script" />
          <option name="key" value="git commit" />
        </TemplateKey>
        <TemplateKey>
          <option name="groupName" value="Shell Script" />
          <option name="key" value="curl" />
        </TemplateKey>
        <TemplateKey>
          <option name="groupName" value="Shell Script" />
          <option name="key" value="rm" />
        </TemplateKey>
        <TemplateKey>
          <option name="groupName" value="Shell Script" />
          <option name="key" value="find" />
        </TemplateKey>
        <TemplateKey>
          <option name="groupName" value="Shell Script" />
          <option name="key" value="heredoc" />
        </TemplateKey>
        <TemplateKey>
          <option name="groupName" value="Shell Script" />
          <option name="key" value="xargs" />
        </TemplateKey>
        <TemplateKey>
          <option name="groupName" value="Shell Script" />
          <option name="key" value="system info linux" />
        </TemplateKey>
        <TemplateKey>
          <option name="groupName" value="Shell Script" />
          <option name="key" value="system info mac" />
        </TemplateKey>
        <TemplateKey>
          <option name="groupName" value="Shell Script" />
          <option name="key" value="system kernel info" />
        </TemplateKey>
        <TemplateKey>
          <option name="groupName" value="Shell Script" />
          <option name="key" value="array create" />
        </TemplateKey>
        <TemplateKey>
          <option name="groupName" value="Shell Script" />
          <option name="key" value="array all" />
        </TemplateKey>
        <TemplateKey>
          <option name="groupName" value="Shell Script" />
          <option name="key" value="array at index" />
        </TemplateKey>
        <TemplateKey>
          <option name="groupName" value="Shell Script" />
          <option name="key" value="array length" />
        </TemplateKey>
        <TemplateKey>
          <option name="groupName" value="Shell Script" />
          <option name="key" value="array delete" />
        </TemplateKey>
        <TemplateKey>
          <option name="groupName" value="Shell Script" />
          <option name="key" value="array delete at" />
        </TemplateKey>
        <TemplateKey>
          <option name="groupName" value="Shell Script" />
          <option name="key" value="array set element" />
        </TemplateKey>
        <TemplateKey>
          <option name="groupName" value="Shell Script" />
          <option name="key" value="array add" />
        </TemplateKey>
        <TemplateKey>
          <option name="groupName" value="Shell Script" />
          <option name="key" value="array iteration" />
        </TemplateKey>
        <TemplateKey>
          <option name="groupName" value="Shell Script Hidden" />
          <option name="key" value="shell_if" />
        </TemplateKey>
        <TemplateKey>
          <option name="groupName" value="Shell Script Hidden" />
          <option name="key" value="shell_elif" />
        </TemplateKey>
        <TemplateKey>
          <option name="groupName" value="Shell Script Hidden" />
          <option name="key" value="shell_select" />
        </TemplateKey>
        <TemplateKey>
          <option name="groupName" value="Shell Script Hidden" />
          <option name="key" value="shell_case" />
        </TemplateKey>
        <TemplateKey>
          <option name="groupName" value="Shell Script Hidden" />
          <option name="key" value="shell_for" />
        </TemplateKey>
        <TemplateKey>
          <option name="groupName" value="Shell Script Hidden" />
          <option name="key" value="shell_while" />
        </TemplateKey>
        <TemplateKey>
          <option name="groupName" value="Shell Script Hidden" />
          <option name="key" value="shell_until" />
        </TemplateKey>
        <TemplateKey>
          <option name="groupName" value="Shell Script Hidden" />
          <option name="key" value="shell_function" />
        </TemplateKey>
        <TemplateKey>
          <option name="groupName" value="Shell Script Hidden" />
          <option name="key" value="shell_string equal" />
        </TemplateKey>
        <TemplateKey>
          <option name="groupName" value="Shell Script Hidden" />
          <option name="key" value="shell_string not equal" />
        </TemplateKey>
        <TemplateKey>
          <option name="groupName" value="Shell Script Hidden" />
          <option name="key" value="shell_string is empty" />
        </TemplateKey>
        <TemplateKey>
          <option name="groupName" value="Shell Script Hidden" />
          <option name="key" value="shell_string not empty" />
        </TemplateKey>
        <TemplateKey>
          <option name="groupName" value="Shell Script Hidden" />
          <option name="key" value="shell_number equal" />
        </TemplateKey>
        <TemplateKey>
          <option name="groupName" value="Shell Script Hidden" />
          <option name="key" value="shell_number not equal" />
        </TemplateKey>
        <TemplateKey>
          <option name="groupName" value="Shell Script Hidden" />
          <option name="key" value="shell_number less" />
        </TemplateKey>
        <TemplateKey>
          <option name="groupName" value="Shell Script Hidden" />
          <option name="key" value="shell_number less or equal" />
        </TemplateKey>
        <TemplateKey>
          <option name="groupName" value="Shell Script Hidden" />
          <option name="key" value="shell_number greater" />
        </TemplateKey>
        <TemplateKey>
          <option name="groupName" value="Shell Script Hidden" />
          <option name="key" value="shell_number greater or equal" />
        </TemplateKey>
        <TemplateKey>
          <option name="groupName" value="Shell Script Hidden" />
          <option name="key" value="shell_file exists" />
        </TemplateKey>
        <TemplateKey>
          <option name="groupName" value="Shell Script Hidden" />
          <option name="key" value="shell_file not empty" />
        </TemplateKey>
        <TemplateKey>
          <option name="groupName" value="Shell Script Hidden" />
          <option name="key" value="shell_file readable" />
        </TemplateKey>
        <TemplateKey>
          <option name="groupName" value="Shell Script Hidden" />
          <option name="key" value="shell_file writable" />
        </TemplateKey>
        <TemplateKey>
          <option name="groupName" value="Shell Script Hidden" />
          <option name="key" value="shell_file executable" />
        </TemplateKey>
        <TemplateKey>
          <option name="groupName" value="Shell Script Hidden" />
          <option name="key" value="shell_file equals" />
        </TemplateKey>
        <TemplateKey>
          <option name="groupName" value="Shell Script Hidden" />
          <option name="key" value="shell_file newer" />
        </TemplateKey>
        <TemplateKey>
          <option name="groupName" value="Shell Script Hidden" />
          <option name="key" value="shell_file older" />
        </TemplateKey>
        <TemplateKey>
          <option name="groupName" value="Shell Script Hidden" />
          <option name="key" value="shell_path exists" />
        </TemplateKey>
        <TemplateKey>
          <option name="groupName" value="Shell Script Hidden" />
          <option name="key" value="shell_directory exists" />
        </TemplateKey>
        <TemplateKey>
          <option name="groupName" value="Shell Script Hidden" />
          <option name="key" value="shell_command exists" />
        </TemplateKey>
        <TemplateKey>
          <option name="groupName" value="PHP" />
          <option name="key" value="fore" />
        </TemplateKey>
        <TemplateKey>
          <option name="groupName" value="PHP" />
          <option name="key" value="forek" />
        </TemplateKey>
        <TemplateKey>
          <option name="groupName" value="PHP" />
          <option name="key" value="thr" />
        </TemplateKey>
        <TemplateKey>
          <option name="groupName" value="PHP" />
          <option name="key" value="eco" />
        </TemplateKey>
        <TemplateKey>
          <option name="groupName" value="PHP" />
          <option name="key" value="rqr" />
        </TemplateKey>
        <TemplateKey>
          <option name="groupName" value="PHP" />
          <option name="key" value="rqro" />
        </TemplateKey>
        <TemplateKey>
          <option name="groupName" value="PHP" />
          <option name="key" value="inc" />
        </TemplateKey>
        <TemplateKey>
          <option name="groupName" value="PHP" />
          <option name="key" value="inco" />
        </TemplateKey>
        <TemplateKey>
          <option name="groupName" value="PHP" />
          <option name="key" value="pubf" />
        </TemplateKey>
        <TemplateKey>
          <option name="groupName" value="PHP" />
          <option name="key" value="pubsf" />
        </TemplateKey>
        <TemplateKey>
          <option name="groupName" value="PHP" />
          <option name="key" value="prof" />
        </TemplateKey>
        <TemplateKey>
          <option name="groupName" value="PHP" />
          <option name="key" value="prosf" />
        </TemplateKey>
        <TemplateKey>
          <option name="groupName" value="PHP" />
          <option name="key" value="prif" />
        </TemplateKey>
        <TemplateKey>
          <option name="groupName" value="PHP" />
          <option name="key" value="prisf" />
        </TemplateKey>
        <TemplateKey>
          <option name="groupName" value="PHP" />
          <option name="key" value="classFQN" />
        </TemplateKey>
        <TemplateKey>
          <option name="groupName" value="PHP" />
          <option name="key" value="className" />
        </TemplateKey>
        <TemplateKey>
          <option name="groupName" value="PHP" />
          <option name="key" value="fun" />
        </TemplateKey>
        <TemplateKey>
          <option name="groupName" value="PHP" />
          <option name="key" value="fori" />
        </TemplateKey>
        <TemplateKey>
          <option name="groupName" value="PHP" />
          <option name="key" value="t" />
        </TemplateKey>
        <TemplateKey>
          <option name="groupName" value="PHP" />
          <option name="key" value="ctor" />
        </TemplateKey>
        <TemplateKey>
          <option name="groupName" value="PHP" />
          <option name="key" value="pf" />
        </TemplateKey>
        <TemplateKey>
          <option name="groupName" value="PHP" />
          <option name="key" value="prf" />
        </TemplateKey>
        <TemplateKey>
          <option name="groupName" value="PHP" />
          <option name="key" value="ps" />
        </TemplateKey>
        <TemplateKey>
          <option name="groupName" value="PHP Interfaces" />
          <option name="key" value="pubf" />
        </TemplateKey>
        <TemplateKey>
          <option name="groupName" value="PHP Interfaces" />
          <option name="key" value="pubsf" />
        </TemplateKey>
        <TemplateKey>
          <option name="groupName" value="PHP Interfaces" />
          <option name="key" value="fun" />
        </TemplateKey>
        <TemplateKey>
          <option name="groupName" value="PHP Interfaces" />
          <option name="key" value="pf" />
        </TemplateKey>
        <TemplateKey>
          <option name="groupName" value="PHP Interfaces" />
          <option name="key" value="ps" />
        </TemplateKey>
        <TemplateKey>
          <option name="groupName" value="xsl" />
          <option name="key" value="ai" />
        </TemplateKey>
        <TemplateKey>
          <option name="groupName" value="xsl" />
          <option name="key" value="an" />
        </TemplateKey>
        <TemplateKey>
          <option name="groupName" value="xsl" />
          <option name="key" value="ats" />
        </TemplateKey>
        <TemplateKey>
          <option name="groupName" value="xsl" />
          <option name="key" value="atsm" />
        </TemplateKey>
        <TemplateKey>
          <option name="groupName" value="xsl" />
          <option name="key" value="cos" />
        </TemplateKey>
        <TemplateKey>
          <option name="groupName" value="xsl" />
          <option name="key" value="ctn" />
        </TemplateKey>
        <TemplateKey>
          <option name="groupName" value="xsl" />
          <option name="key" value="ctnwp" />
        </TemplateKey>
        <TemplateKey>
          <option name="groupName" value="xsl" />
          <option name="key" value="cwt" />
        </TemplateKey>
        <TemplateKey>
          <option name="groupName" value="xsl" />
          <option name="key" value="cwto" />
        </TemplateKey>
        <TemplateKey>
          <option name="groupName" value="xsl" />
          <option name="key" value="fe" />
        </TemplateKey>
        <TemplateKey>
          <option name="groupName" value="xsl" />
          <option name="key" value="it" />
        </TemplateKey>
        <TemplateKey>
          <option name="groupName" value="xsl" />
          <option name="key" value="kn" />
        </TemplateKey>
        <TemplateKey>
          <option name="groupName" value="xsl" />
          <option name="key" value="o" />
        </TemplateKey>
        <TemplateKey>
          <option name="groupName" value="xsl" />
          <option name="key" value="pn" />
        </TemplateKey>
        <TemplateKey>
          <option name="groupName" value="xsl" />
          <option name="key" value="tm" />
        </TemplateKey>
        <TemplateKey>
          <option name="groupName" value="xsl" />
          <option name="key" value="tmm" />
        </TemplateKey>
        <TemplateKey>
          <option name="groupName" value="xsl" />
          <option name="key" value="tn" />
        </TemplateKey>
        <TemplateKey>
          <option name="groupName" value="xsl" />
          <option name="key" value="tt" />
        </TemplateKey>
        <TemplateKey>
          <option name="groupName" value="xsl" />
          <option name="key" value="vn" />
        </TemplateKey>
        <TemplateKey>
          <option name="groupName" value="xsl" />
          <option name="key" value="vns" />
        </TemplateKey>
        <TemplateKey>
          <option name="groupName" value="xsl" />
          <option name="key" value="vos" />
        </TemplateKey>
        <TemplateKey>
          <option name="groupName" value="xsl" />
          <option name="key" value="wp" />
        </TemplateKey>
        <TemplateKey>
          <option name="groupName" value="xsl" />
          <option name="key" value="wpn" />
        </TemplateKey>
        <TemplateKey>
          <option name="groupName" value="xsl" />
          <option name="key" value="wt" />
        </TemplateKey>
        <TemplateKey>
          <option name="groupName" value="JavaScript" />
          <option name="key" value="fori" />
        </TemplateKey>
        <TemplateKey>
          <option name="groupName" value="JavaScript" />
          <option name="key" value="forof" />
        </TemplateKey>
        <TemplateKey>
          <option name="groupName" value="JavaScript" />
          <option name="key" value="forin" />
        </TemplateKey>
        <TemplateKey>
          <option name="groupName" value="JavaScript" />
          <option name="key" value="iter" />
        </TemplateKey>
        <TemplateKey>
          <option name="groupName" value="JavaScript" />
          <option name="key" value="itera" />
        </TemplateKey>
        <TemplateKey>
          <option name="groupName" value="JavaScript" />
          <option name="key" value="itin" />
        </TemplateKey>
        <TemplateKey>
          <option name="groupName" value="JavaScript" />
          <option name="key" value="itar" />
        </TemplateKey>
        <TemplateKey>
          <option name="groupName" value="JavaScript" />
          <option name="key" value="ritar" />
        </TemplateKey>
        <TemplateKey>
          <option name="groupName" value="JavaScript" />
          <option name="key" value="importitems" />
        </TemplateKey>
        <TemplateKey>
          <option name="groupName" value="JavaScript" />
          <option name="key" value="importns" />
        </TemplateKey>
        <TemplateKey>
          <option name="groupName" value="JavaScript" />
          <option name="key" value="importdefault" />
        </TemplateKey>
        <TemplateKey>
          <option name="groupName" value="JavaScript" />
          <option name="key" value="exportall" />
        </TemplateKey>
        <TemplateKey>
          <option name="groupName" value="JavaScript" />
          <option name="key" value="exportfrom" />
        </TemplateKey>
        <TemplateKey>
          <option name="groupName" value="JavaScript" />
          <option name="key" value="exportitems" />
        </TemplateKey>
        <TemplateKey>
          <option name="groupName" value="JavaScript" />
          <option name="key" value="moduleexports" />
        </TemplateKey>
        <TemplateKey>
          <option name="groupName" value="JavaScript" />
          <option name="key" value="log" />
        </TemplateKey>
        <TemplateKey>
          <option name="groupName" value="JavaScript" />
          <option name="key" value="error" />
        </TemplateKey>
        <TemplateKey>
          <option name="groupName" value="JavaScript" />
          <option name="key" value="warn" />
        </TemplateKey>
        <TemplateKey>
          <option name="groupName" value="JavaScript" />
          <option name="key" value="info" />
        </TemplateKey>
        <TemplateKey>
          <option name="groupName" value="JavaScript" />
          <option name="key" value="trace" />
        </TemplateKey>
        <TemplateKey>
          <option name="groupName" value="JavaScript" />
          <option name="key" value="assert" />
        </TemplateKey>
        <TemplateKey>
          <option name="groupName" value="JavaScript" />
          <option name="key" value="us" />
        </TemplateKey>
        <TemplateKey>
          <option name="groupName" value="JavaScript" />
          <option name="key" value="ref" />
        </TemplateKey>
        <TemplateKey>
          <option name="groupName" value="JavaScript" />
          <option name="key" value="defn" />
        </TemplateKey>
        <TemplateKey>
          <option name="groupName" value="JavaScript" />
          <option name="key" value="flow" />
        </TemplateKey>
        <TemplateKey>
          <option name="groupName" value="JavaScript" />
          <option name="key" value="arf" />
        </TemplateKey>
        <TemplateKey>
          <option name="groupName" value="Symfony" />
          <option name="key" value="route" />
        </TemplateKey>
        <TemplateKey>
          <option name="groupName" value="Symfony" />
          <option name="key" value="notBlank" />
        </TemplateKey>
        <TemplateKey>
          <option name="groupName" value="Symfony" />
          <option name="key" value="groups" />
        </TemplateKey>
        <TemplateKey>
          <option name="groupName" value="Symfony" />
          <option name="key" value="serializedName" />
        </TemplateKey>
        <TemplateKey>
          <option name="groupName" value="Symfony" />
          <option name="key" value="choice" />
        </TemplateKey>
        <TemplateKey>
          <option name="groupName" value="Symfony" />
          <option name="key" value="length" />
        </TemplateKey>
        <TemplateKey>
          <option name="groupName" value="Symfony" />
          <option name="key" value="notNull" />
        </TemplateKey>
        <TemplateKey>
          <option name="groupName" value="Symfony" />
          <option name="key" value="type" />
        </TemplateKey>
        <TemplateKey>
          <option name="groupName" value="Symfony" />
          <option name="key" value="valid" />
        </TemplateKey>
        <TemplateKey>
          <option name="groupName" value="Symfony" />
          <option name="key" value="required" />
        </TemplateKey>
        <TemplateKey>
          <option name="groupName" value="Symfony" />
          <option name="key" value="ignore" />
        </TemplateKey>
        <TemplateKey>
          <option name="groupName" value="Symfony" />
          <option name="key" value="uniqueEntity" />
        </TemplateKey>
        <TemplateKey>
          <option name="groupName" value="Symfony" />
          <option name="key" value="email" />
        </TemplateKey>
        <TemplateKey>
          <option name="groupName" value="Symfony" />
          <option name="key" value="column" />
        </TemplateKey>
        <TemplateKey>
          <option name="groupName" value="Symfony" />
          <option name="key" value="discriminatormap" />
        </TemplateKey>
        <TemplateKey>
          <option name="groupName" value="Symfony" />
          <option name="key" value="discriminatorcolumn" />
        </TemplateKey>
        <TemplateKey>
          <option name="groupName" value="Symfony" />
          <option name="key" value="embeddable" />
        </TemplateKey>
        <TemplateKey>
          <option name="groupName" value="Symfony" />
          <option name="key" value="embedded" />
        </TemplateKey>
        <TemplateKey>
          <option name="groupName" value="Symfony" />
          <option name="key" value="entityattribute" />
        </TemplateKey>
        <TemplateKey>
          <option name="groupName" value="Symfony" />
          <option name="key" value="id" />
        </TemplateKey>
        <TemplateKey>
          <option name="groupName" value="Symfony" />
          <option name="key" value="index" />
        </TemplateKey>
        <TemplateKey>
          <option name="groupName" value="Symfony" />
          <option name="key" value="joincolumn" />
        </TemplateKey>
        <TemplateKey>
          <option name="groupName" value="Symfony" />
          <option name="key" value="jointable" />
        </TemplateKey>
        <TemplateKey>
          <option name="groupName" value="Symfony" />
          <option name="key" value="manytomany" />
        </TemplateKey>
        <TemplateKey>
          <option name="groupName" value="Symfony" />
          <option name="key" value="manytoone" />
        </TemplateKey>
        <TemplateKey>
          <option name="groupName" value="Symfony" />
          <option name="key" value="onetoone" />
        </TemplateKey>
        <TemplateKey>
          <option name="groupName" value="Symfony" />
          <option name="key" value="onetomany" />
        </TemplateKey>
        <TemplateKey>
          <option name="groupName" value="Symfony" />
          <option name="key" value="table" />
        </TemplateKey>
        <TemplateKey>
          <option name="groupName" value="Symfony" />
          <option name="key" value="uniqueconstraint" />
        </TemplateKey>
        <TemplateKey>
          <option name="groupName" value="Symfony" />
          <option name="key" value="action" />
        </TemplateKey>
        <TemplateKey>
          <option name="groupName" value="Symfony" />
          <option name="key" value="add" />
        </TemplateKey>
        <TemplateKey>
          <option name="groupName" value="Symfony" />
          <option name="key" value="addflash" />
        </TemplateKey>
        <TemplateKey>
          <option name="groupName" value="Symfony" />
          <option name="key" value="command" />
        </TemplateKey>
        <TemplateKey>
          <option name="groupName" value="Symfony" />
          <option name="key" value="controller" />
        </TemplateKey>
        <TemplateKey>
          <option name="groupName" value="Symfony" />
          <option name="key" value="createquery" />
        </TemplateKey>
        <TemplateKey>
          <option name="groupName" value="Symfony" />
          <option name="key" value="doctrinecolumn" />
        </TemplateKey>
        <TemplateKey>
          <option name="groupName" value="Symfony" />
          <option name="key" value="entity" />
        </TemplateKey>
        <TemplateKey>
          <option name="groupName" value="Symfony" />
          <option name="key" value="formbuilder" />
        </TemplateKey>
        <TemplateKey>
          <option name="groupName" value="Symfony" />
          <option name="key" value="formhandle" />
        </TemplateKey>
        <TemplateKey>
          <option name="groupName" value="Symfony" />
          <option name="key" value="querybuilder" />
        </TemplateKey>
        <TemplateKey>
          <option name="groupName" value="Symfony" />
          <option name="key" value="getem" />
        </TemplateKey>
        <TemplateKey>
          <option name="groupName" value="Symfony" />
          <option name="key" value="getrepo" />
        </TemplateKey>
        <TemplateKey>
          <option name="groupName" value="Symfony" />
          <option name="key" value="persistflush" />
        </TemplateKey>
        <TemplateKey>
          <option name="groupName" value="Symfony" />
          <option name="key" value="removeflush" />
        </TemplateKey>
        <TemplateKey>
          <option name="groupName" value="Symfony" />
          <option name="key" value="redirect" />
        </TemplateKey>
        <TemplateKey>
          <option name="groupName" value="Symfony" />
          <option name="key" value="repofind" />
        </TemplateKey>
        <TemplateKey>
          <option name="groupName" value="Symfony" />
          <option name="key" value="rendertwig" />
        </TemplateKey>
        <TemplateKey>
          <option name="groupName" value="Symfony" />
          <option name="key" value="404unless" />
        </TemplateKey>
        <TemplateKey>
          <option name="groupName" value="PestPHP" />
          <option name="key" value="it" />
        </TemplateKey>
        <TemplateKey>
          <option name="groupName" value="PestPHP" />
          <option name="key" value="test" />
        </TemplateKey>
      </list>
    </option>
  </component>
</application>