<application>
  <component name="GraziConfig">
    <option name="enabledLanguages">
      <set>
        <option value="English (US)" />
        <option value="Russian" />
        <option value="Ukrainian" />
      </set>
    </option>
    <option name="suppressingContext">
      <SuppressingContext>
        <option name="suppressed">
          <set>
            <option value="for" />
            <option value="вы нажмете в любом другом месте внутри div с идентификатором outer, вы увидите, что target это div с идентификатором inner (элемент, в котором произошел щелчок), в то время как currentTarget это" />
            <option value="котором вы подключаете единственный прослушиватель событий к родительскому элементу для управления событиями, которые" />
            <option value="которому подключен прослушиватель событий, тогда как target ссылается на элемент, который" />
            <option value="которые позволяют функциональным компонентам использовать функции состояния и жизненного цикла, которые" />
            <option value="который определяет разделитель, который" />
            <option value="на странице Получить новый" />
            <option value="этом примере, когда вы нажимаете на текст &quot;Нажми на меня!&quot; внутри div с идентификатором inner, вы увидите в консоли, что оба target и currentTarget совпадают, что" />
          </set>
        </option>
      </SuppressingContext>
    </option>
  </component>
</application>