<application>
  <component name="BlockTerminalOptions">
    <option name="promptStyle" value="SHELL" />
  </component>
  <component name="BlockTerminalUsage">
    <option name="blockTerminalUsedLastTimeMillis" value="1733242215617" />
    <option name="blockTerminalUsedLastVersion" value="243.21565.202" />
    <option name="feedbackNotificationShown" value="true" />
    <shellToExecutedCommandsNumber>
      <entry key="powershell" value="62" />
    </shellToExecutedCommandsNumber>
  </component>
  <component name="TerminalOptionsProvider">
    <option name="myShellPath" value="C:\Program Files\PowerShell\7\pwsh.exe" />
  </component>
</application>