<application>
  <component name="DimensionService">
    <size key="GridCell.Tab.0.left.0.0.1920.1080" width="1920" height="308" />
    <size key="GridCell.Tab.0.center.0.0.1920.1080" width="1920" height="308" />
    <size key="GridCell.Tab.0.right.0.0.1920.1080" width="1920" height="308" />
    <size key="GridCell.Tab.0.bottom.0.0.1920.1080" width="1920" height="308" />
  </component>
  <component name="WindowManager">
    <frame x="-8" y="-8" width="1936" height="1048" extendedState="6" />
  </component>
  <component name="WindowStateApplicationService">
    <state x="0" y="0" width="1920" height="1032" key="FileChooserDialogImpl" timestamp="1733132647504">
      <screen x="0" y="0" width="1920" height="1032" />
    </state>
    <state x="0" y="0" width="1920" height="1032" key="FileChooserDialogImpl/0.0.1920.1032/1920.0.1920.1032" timestamp="1733132647504" />
    <state x="960" y="452" width="800" height="650" key="WELCOME_SCREEN" timestamp="1733132630075">
      <screen x="0" y="0" width="1920" height="1032" />
    </state>
    <state x="960" y="452" width="800" height="650" key="WELCOME_SCREEN/0.0.1920.1032/1920.0.1920.1032" timestamp="1733132630075" />
  </component>
</application>